col1,col2,col3
1009.0,0.05434436456067,0.9999681870756
1008.0,0.053688441370284,0.9999677411806
1007.0,0.053038926358054,0.9999672878521
1006.0,0.052395782888795,0.999966826956
1005.0,0.051758974198146,0.9999663583554
1004.0,0.051128463397492,0.9999658819111
1003.0,0.050504213478867,0.9999653974812
1002.0,0.049886187319827,0.9999649049212
1001.0,0.049274347688308,0.999964404084
1000.0,0.048668657247455,0.9999638948196
999.0,0.048069078560435,0.9999633769754
998.0,0.047475574095224,0.9999628503959
997.0,0.046888106229371,0.9999623149227
996.0,0.046306637254756,0.9999617703946
995.0,0.045731129382335,0.9999612166473
994.0,0.045161544746676,0.9999606535136
993.0,0.044597845410728,0.9999600808232
992.0,0.044039993370494,0.9999594984026
991.0,0.043487950559645,0.9999589060752
990.0,0.042941678853907,0.9999583036611
989.0,0.042401140075821,0.9999576909773
988.0,0.041866295999148,0.9999570678372
987.0,0.041337108352971,0.9999564340511
986.0,0.040813538826853,0.9999557894255
985.0,0.040295549075461,0.9999551337636
984.0,0.039783100722366,0.9999544668652
983.0,0.039276155364396,0.9999537885262
982.0,0.038774674576007,0.999953098539
981.0,0.038278619913591,0.9999523966921
980.0,0.037787952919728,0.9999516827703
979.0,0.0373026351274,0.9999509565546
978.0,0.036822628064172,0.999950217822
977.0,0.03634789325632,0.9999494663456
976.0,0.03587839223293,0.9999487018944
975.0,0.035414086529954,0.9999479242332
974.0,0.034954937694226,0.9999471331229
973.0,0.03450090728744,0.99994632832
972.0,0.034051956889987,0.9999455095767
971.0,0.033608048104704,0.999944676641
970.0,0.033169142561297,0.9999438292562
969.0,0.03273520191988,0.9999429671615
968.0,0.032306187874694,0.9999420900912
967.0,0.031882062157809,0.9999411977753
966.0,0.031462786542851,0.9999402899389
965.0,0.031048322848646,0.9999393663025
964.0,0.030638632942744,0.9999384265818
963.0,0.030233678744976,0.9999374704875
962.0,0.02983342223096,0.9999364977256
961.0,0.029437825435845,0.9999355079969
960.0,0.029046850457535,0.9999345009973
959.0,0.028660459459999,0.9999334764174
958.0,0.028278614676619,0.9999324339427
957.0,0.027901278413495,0.9999313732537
956.0,0.027528413052688,0.9999302940251
955.0,0.027159981055413,0.9999291959266
954.0,0.026795944965197,0.9999280786224
953.0,0.026436267410974,0.999926941771
952.0,0.026080911110148,0.9999257850256
951.0,0.025729838871605,0.9999246080336
950.0,0.025383013598675,0.9999234104368
949.0,0.025040398292053,0.9999221918712
948.0,0.024701956052669,0.9999209519671
947.0,0.024367650084518,0.9999196903487
946.0,0.024037443697442,0.9999184066346
945.0,0.023711300309855,0.9999171004372
944.0,0.023389183451444,0.999915771363
943.0,0.023071056765801,0.9999144190122
942.0,0.022756884013029,0.9999130429791
941.0,0.02244662907228,0.9999116428517
940.0,0.022140255944263,0.9999102182118
939.0,0.021837728753697,0.999908768635
938.0,0.021539011751676,0.9999072936902
937.0,0.021244069318157,0.9999057929405
936.0,0.020952865964259,0.999904265942
935.0,0.020665366334491,0.9999027122448
934.0,0.020381535208982,0.9999011313922
933.0,0.02010133750568,0.9998995229212
932.0,0.019824738282502,0.9998978863619
931.0,0.019551702739428,0.9998962212382
930.0,0.019282196220565,0.999894527067
929.0,0.019016184216156,0.9998928033589
928.0,0.018753632364539,0.9998910496176
927.0,0.018494506453872,0.99988926534
926.0,0.018238772424348,0.9998874500165
925.0,0.017986396370039,0.9998856031308
924.0,0.017737344540588,0.9998837241596
923.0,0.017491583342963,0.9998818125731
922.0,0.017249079343168,0.9998798678346
921.0,0.017009799267923,0.9998778894007
920.0,0.016773710006304,0.9998758767213
919.0,0.016540778611334,0.9998738292394
918.0,0.016310972301542,0.9998717463914
917.0,0.01608425846248,0.9998696276069
916.0,0.015860604648204,0.9998674723089
915.0,0.015639978582714,0.9998652799138
914.0,0.015422348161343,0.999863049831
913.0,0.015207681452133,0.9998607814637
912.0,0.014995946697185,0.9998584742082
911.0,0.014787112313937,0.9998561274546
910.0,0.01458114689641,0.9998537405862
909.0,0.014378019216429,0.9998513129801
908.0,0.014177698224814,0.9998488440068
907.0,0.01398015305253,0.9998463330308
906.0,0.013785353011801,0.9998437794101
905.0,0.013593267597197,0.9998411824966
904.0,0.013403866486681,0.9998385416362
903.0,0.01321711954263,0.9998358561687
902.0,0.013032996812817,0.9998331254281
901.0,0.012851468531367,0.9998303487425
900.0,0.012672505119675,0.9998275254343
899.0,0.012496077187307,0.9998246548203
898.0,0.01232215553285,0.9998217362118
897.0,0.012150711144753,0.9998187689148
896.0,0.011981715202126,0.9998157522301
895.0,0.011815139075515,0.9998126854533
894.0,0.011650954327644,0.999809567875
893.0,0.01148913271414,0.999806398781
892.0,0.011329646184216,0.9998031774525
891.0,0.011172466881339,0.9997999031662
890.0,0.011017567143864,0.9997965751943
889.0,0.010864919505643,0.9997931928049
888.0,0.01071449669662,0.9997897552622
887.0,0.010566271643383,0.9997862618264
886.0,0.010420217469695,0.9997827117541
885.0,0.010276307496725,0.9997791042984
884.0,0.010134515243936,0.9997754387092
883.0,0.009994814429618,0.9997717142334
882.0,0.009857178971145,0.999767930115
881.0,0.009721582985387,0.9997640855953
880.0,0.009588000789103,0.9997601799132
879.0,0.00945640689931,0.9997562123055
878.0,0.009326776033628,0.9997521820069
877.0,0.009199083110615,0.9997480882505
876.0,0.009073303250059,0.9997439302677
875.0,0.00894941177327,0.9997397072887
874.0,0.008827384203336,0.9997354185428
873.0,0.008707196265363,0.9997310632584
872.0,0.008588823886698,0.9997266406634
871.0,0.008472243197119,0.9997221499854
870.0,0.008357430529019,0.9997175904519
869.0,0.008244362417559,0.9997129612909
868.0,0.008133015600802,0.9997082617305
867.0,0.008023367019831,0.9997034909998
866.0,0.007915393818841,0.9996986483289
865.0,0.007809073345212,0.9996937329492
864.0,0.007704383149565,0.9996887440933
863.0,0.007601300985793,0.9996836809961
862.0,0.007499804811074,0.9996785428941
861.0,0.007399872785861,0.9996733290265
860.0,0.007301483273852,0.9996680386348
859.0,0.007204614841943,0.9996626709634
858.0,0.007109246260152,0.99965722526
857.0,0.007015356501534,0.9996517007753
856.0,0.00692292474206,0.9996460967639
855.0,0.006831930360486,0.9996404124841
854.0,0.006742352938202,0.9996346471983
853.0,0.006654172259044,0.9996288001734
852.0,0.006567368309104,0.9996228706806
851.0,0.006481921276502,0.9996168579963
850.0,0.006397811551149,0.9996107614014
849.0,0.006315019724474,0.9996045801826
848.0,0.006233526589142,0.9995983136318
847.0,0.006153313138737,0.9995919610467
846.0,0.006074360567432,0.9995855217306
845.0,0.005996650269575,0.9995789949934
844.0,0.005920163839258,0.9995723801507
843.0,0.005844883070151,0.9995656765251
842.0,0.005770789954972,0.9995588834454
841.0,0.005697866685007,0.9995520002475
840.0,0.005626095649629,0.9995450262741
839.0,0.005555459435794,0.999537960875
838.0,0.005485940827518,0.9995308034072
837.0,0.005417522805324,0.9995235532352
836.0,0.005350188545662,0.9995162097308
835.0,0.005283921420315,0.9995087722737
834.0,0.005218704995766,0.9995012402509
833.0,0.005154523133038,0.9994963977508
832.0,0.005091359757503,0.9994891390102
831.0,0.00502919894111,0.9994814447019
830.0,0.004968025021441,0.9994736214369
829.0,0.004907822529066,0.9994656991024
828.0,0.004848576184425,0.999457680267
827.0,0.004790270897367,0.999449564727
826.0,0.004732891766447,0.999441351995
825.0,0.004676424078107,0.9994330415605
824.0,0.004620853305797,0.9994246329173
823.0,0.00456616510907,0.9994161255669
822.0,0.004512345332646,0.9994075190189
821.0,0.00445938000545,0.9993988127906
820.0,0.004407255339625,0.9993900064073
819.0,0.004355957729521,0.999381099402
818.0,0.004305473750657,0.9993720913156
817.0,0.004255790158664,0.9993629816964
816.0,0.004206893888192,0.9993537701005
815.0,0.0041587720518,0.9993444560912
814.0,0.004111411938826,0.9993350392391
813.0,0.004064801014223,0.9993255191223
812.0,0.004018926917383,0.9993158953256
811.0,0.003973777460931,0.9993061674407
810.0,0.003929340629499,0.9992963350663
809.0,0.003885604578477,0.9992863978074
808.0,0.003842557632746,0.9992763552755
807.0,0.003800188285379,0.9992662070883
806.0,0.003758485196235,0.9992559528696
805.0,0.003717437190784,0.9992455922489
804.0,0.003677033258759,0.9992351248615
803.0,0.003637262552741,0.9992245503481
802.0,0.003598114386768,0.9992138683543
801.0,0.003559578234926,0.9992030785313
800.0,0.003521643729931,0.9991921805344
799.0,0.00348430066169,0.999181174024
798.0,0.003447538975849,0.9991700586646
797.0,0.003411348772328,0.9991588341245
796.0,0.003375720303837,0.9991475000763
795.0,0.003340643974383,0.9991360561959
794.0,0.003306110337765,0.9991245021624
793.0,0.003272110096051,0.9991128376584
792.0,0.003238634098051,0.9991010623689
791.0,0.003205673337777,0.9990891759817
790.0,0.003173218952891,0.9990771781869
789.0,0.00314126222315,0.9990650686765
788.0,0.003109794568836,0.9990528471444
787.0,0.003078807549184,0.9990405132859
786.0,0.003048292860798,0.9990280667979
785.0,0.003018242336069,0.9990155073778
784.0,0.002988647941584,0.9990028347241
783.0,0.00295950177653,0.9989900485356
782.0,0.002930796071091,0.9989771485114
781.0,0.002902523184851,0.9989641343505
780.0,0.002874675605189,0.9989510057516
779.0,0.002847245945677,0.9989377624129
778.0,0.002820226944469,0.9989244040316
777.0,0.002793611462701,0.9989109303039
776.0,0.002767392482884,0.9988973409249
775.0,0.002741563107305,0.9988836355877
774.0,0.002716116556425,0.9988698139838
773.0,0.002691046167279,0.9988558758028
772.0,0.002666345391888,0.9988418207316
771.0,0.002642007795666,0.9988276484548
770.0,0.002618027055827,0.9988133586542
769.0,0.002594396959768,0.9987989510085
768.0,0.002571111403587,0.9987844251931
767.0,0.002548164390493,0.9987697808801
766.0,0.002525550029233,0.9987550177378
765.0,0.002503262532541,0.9987401354306
764.0,0.002481296215591,0.9987251336188
763.0,0.002459645494468,0.9987100119583
762.0,0.002438304884639,0.9986947701005
761.0,0.002417268999442,0.9986794076921
760.0,0.002396532548582,0.9986639243749
759.0,0.002376090336638,0.9986483197854
758.0,0.002355937261578,0.9986325935549
757.0,0.002336068313291,0.9986167453093
756.0,0.00231647857213,0.9986007746686
755.0,0.002297163207462,0.9985846812471
754.0,0.002278117476237,0.9985684646529
753.0,0.002259336721565,0.9985521244882
752.0,0.002240816371313,0.9985356603486
751.0,0.002222551936706,0.9985190718231
750.0,0.002204539010949,0.9985023584943
749.0,0.002186773267864,0.9984855199379
748.0,0.002169250460533,0.9984685557225
747.0,0.002151966419964,0.9984514654096
746.0,0.002134917053768,0.9984342485535
745.0,0.002118098344853,0.9984169047013
744.0,0.002101506350129,0.9983994333922
743.0,0.002085137199232,0.9983818341581
742.0,0.002068987093261,0.9983641065229
741.0,0.002053052303535,0.9983462500027
740.0,0.002037329170357,0.9983282641057
739.0,0.002021814101803,0.9983101483317
738.0,0.002006503572522,0.9982919021727
737.0,0.00199139412255,0.9982735251119
736.0,0.001976482356145,0.9982550166244
735.0,0.001961764940627,0.9982363761766
734.0,0.00194723860522,0.9982176032263
733.0,0.001932900139985,0.9981986972227
732.0,0.001918746394705,0.9981796576059
731.0,0.001904774277782,0.9981604838073
730.0,0.001890980755168,0.9981411752494
729.0,0.001877362849309,0.9981217313455
728.0,0.001863917638099,0.9981021514996
727.0,0.001850642253859,0.9980824351067
726.0,0.001837533882326,0.9980625815525
725.0,0.001824589761663,0.9980425902132
724.0,0.001811807181475,0.9980224604556
723.0,0.00179918348185,0.998002191637
722.0,0.001786716052413,0.997981783105
721.0,0.001774402331391,0.9979612341976
720.0,0.001762239804696,0.9979405442433
719.0,0.001750226005027,0.9979197125605
718.0,0.00173835851098,0.9978987384579
717.0,0.001726634946177,0.9978776212343
716.0,0.001715052978409,0.9978563601785
715.0,0.001703610318792,0.9978349545695
714.0,0.001692304720941,0.9978134036758
713.0,0.001681133980151,0.9977917067562
712.0,0.001670095932605,0.9977698630591
711.0,0.001659188454579,0.9977478718228
710.0,0.001648409461679,0.9977257322751
709.0,0.001637756908073,0.9977034436337
708.0,0.001627228785753,0.9976810051059
707.0,0.001616823123801,0.9976584158883
706.0,0.001606537987672,0.9976356751675
705.0,0.001596371478483,0.997612782119
704.0,0.001586321732328,0.9975897359082
703.0,0.001576386919593,0.9975665356897
702.0,0.00156656524429,0.9975431806073
701.0,0.001556854943383,0.9975196697944
700.0,0.001547254286165,0.9974960023732
699.0,0.001537761573643,0.9974721774556
698.0,0.001528375137907,0.9974481941421
697.0,0.001519093341512,0.9974240515227
696.0,0.001509914576893,0.9973997486764
695.0,0.00150083726577,0.997375284671
694.0,0.001491859858584,0.9973506585634
693.0,0.001482980833925,0.9973258693995
692.0,0.001474198697986,0.9973009162138
691.0,0.001465511984021,0.99727579803
690.0,0.001456919251813,0.9972505138601
689.0,0.001448419087153,0.9972250627051
688.0,0.001440010101332,0.9971994435547
687.0,0.001431690930637,0.9971736553871
686.0,0.001423460235864,0.9971476971691
685.0,0.001415316701835,0.9971215678559
684.0,0.001407259036924,0.9970952663913
683.0,0.001399285972599,0.9970687917076
682.0,0.001391396262967,0.9970421427251
681.0,0.001383588684329,0.9970153183528
680.0,0.001375862034742,0.9969883174877
679.0,0.001368215133599,0.996961139015
678.0,0.001360646821204,0.9969337818082
677.0,0.001353155958364,0.9969062447286
676.0,0.001345741425989,0.9968785266256
675.0,0.001338402124696,0.9968506263368
674.0,0.001331136974423,0.9968225426874
673.0,0.001323944914052,0.9967942744905
672.0,0.001316824901036,0.9967658205469
671.0,0.001309775911041,0.9967371796452
670.0,0.001302796937584,0.9967083505617
669.0,0.001295888100069,0.9966793325807
668.0,0.00128904731958,0.9966501247878
667.0,0.001282273594882,0.9966207255934
666.0,0.001275565988826,0.9965911335196
665.0,0.00126892358041,0.9965613471504
664.0,0.001262345464468,0.9965313651039
663.0,0.001255830751358,0.9965011860154
662.0,0.001249378566664,0.996470808526
661.0,0.001242988050901,0.9964402312758
660.0,0.001236658359223,0.9964094528995
659.0,0.00123038866114,0.9963784720234
658.0,0.001224178140242,0.9963472872639
657.0,0.001218025993924,0.9963158972261
656.0,0.001211931433123,0.9962843005027
655.0,0.001205893682054,0.9962524956739
654.0,0.001199911977955,0.9962204813071
653.0,0.001193985570838,0.9961882559559
652.0,0.001188113723243,0.9961558181606
651.0,0.001182295709996,0.9961231664479
650.0,0.001176530817974,0.9960902993303
649.0,0.001170818345878,0.9960572153065
648.0,0.001165157604003,0.996023912861
647.0,0.001159547914018,0.9959903904642
646.0,0.00115398860875,0.9959566465718
645.0,0.001148479031974,0.9959226796253
644.0,0.001143018538198,0.9958884880517
643.0,0.001137606492469,0.9958540702629
642.0,0.001132242270166,0.9958194246565
641.0,0.00112692525681,0.9957845496147
640.0,0.001121654847867,0.9957494435051
639.0,0.001116430448564,0.9957141046798
638.0,0.001111251473692,0.9956785314757
637.0,0.001106117347455,0.9956427222146
636.0,0.001101027503283,0.9956066752025
635.0,0.001095981383651,0.9955703887297
634.0,0.00109097843992,0.9955338610711
633.0,0.001086018132164,0.9954970904854
632.0,0.001081099929011,0.9954600752155
631.0,0.001076223307485,0.9954228134881
630.0,0.001071387752848,0.9953853035136
629.0,0.00106659275845,0.9953475434862
628.0,0.001061837825581,0.9953095315832
627.0,0.001057122463321,0.9952712659656
626.0,0.0010524461884,0.9952327447773
625.0,0.001047808525059,0.9951939661456
624.0,0.001043209004909,0.9951549281804
623.0,0.001038647166797,0.9951156289745
622.0,0.001034122556679,0.9950760666034
621.0,0.001029634727486,0.9950362391249
620.0,0.001025183238999,0.9949961445792
619.0,0.001020767657726,0.9949557809888
618.0,0.001016387556779,0.994915146358
617.0,0.001012042515757,0.9948742386732
616.0,0.001007732120628,0.9948330559024
615.0,0.001003455963617,0.9947915959951
614.0,0.000999213643091,0.9947498568822
613.0,0.000995004763452,0.994707836476
612.0,0.000990828935028,0.9946655326697
611.0,0.00098668577397,0.9946229433374
610.0,0.000982574902143,0.9945800663339
609.0,0.000978495947027,0.9945368994947
608.0,0.000974448541624,0.9944934406356
607.0,0.000970432324359,0.9944496875525
606.0,0.000966446938984,0.9944056380215
605.0,0.000962492034484,0.9943612897984
604.0,0.000958567264986,0.9943166406187
603.0,0.000954672289666,0.9942716881976
602.0,0.000950806772668,0.9942264302293
601.0,0.000946970383012,0.9941808643872
600.0,0.000943162794511,0.9941349883236
599.0,0.000939383685691,0.9940887996698
598.0,0.000935632739705,0.9940422960351
597.0,0.000931909644259,0.9939954750076
596.0,0.000928214091529,0.9939483341534
595.0,0.000924545778088,0.9939008710163
594.0,0.000920904404829,0.9938530831181
593.0,0.000917289676894,0.9938049679579
592.0,0.000913701303597,0.9937565230124
591.0,0.000910138998359,0.9937077457351
590.0,0.000906602478635,0.9936586335565
589.0,0.000903091465847,0.9936091838838
588.0,0.000899605685316,0.9935593941004
587.0,0.000896144866201,0.9935092615662
586.0,0.000892708741428,0.9934587836171
585.0,0.000889297047632,0.9934079575644
584.0,0.000885909525095,0.9933567806954
583.0,0.000882545917682,0.9933052502723
582.0,0.000879205972785,0.9932533635327
581.0,0.000875889441263,0.9932011176887
580.0,0.000872596077385,0.9931485099272
579.0,0.000869325638775,0.9930955374093
578.0,0.000866077886353,0.9930421972704
577.0,0.000862852584285,0.9929884866194
576.0,0.000859649499931,0.9929344025391
575.0,0.000856468403785,0.9928799420855
574.0,0.000853309069434,0.9928251022876
573.0,0.000850171273502,0.9927698801473
572.0,0.000847054795599,0.992714272639
571.0,0.00084395941828,0.9926582767094
570.0,0.000840884926989,0.992601889277
569.0,0.000837831110019,0.9925451072324
568.0,0.000834797758463,0.9924879274372
567.0,0.00083178466617,0.9924303467246
566.0,0.000828791629699,0.9923723618983
565.0,0.00082581844828,0.9923139697328
564.0,0.000822864923767,0.9922551669728
563.0,0.0008199308606,0.9921959503331
562.0,0.000817016065761,0.992136316498
561.0,0.000814120348736,0.9920762621215
560.0,0.000811243521473,0.9920157838263
559.0,0.000808385398348,0.9919548782043
558.0,0.00080554579612,0.9918935418154
557.0,0.000802724533899,0.9918317711882
556.0,0.00079992143311,0.9917695628186
555.0,0.000797136317443,0.9917069131703
554.0,0.000794369012836,0.9916438186741
553.0,0.000791619347437,0.9915802757277
552.0,0.000788887151564,0.9915162806951
551.0,0.000786172257677,0.9914518299067
550.0,0.000783474500339,0.9913869196586
549.0,0.000780793716189,0.9913215462125
548.0,0.000778129743904,0.991255705795
547.0,0.000775482424176,0.9911893945977
546.0,0.000772851599673,0.9911226087765
545.0,0.000770237115013,0.9910553444513
544.0,0.000767638816736,0.9909875977058
543.0,0.00076505655327,0.9909193645868
542.0,0.000762490174907,0.9908506411043
541.0,0.000759939533773,0.9907814232305
540.0,0.000757404483799,0.9907117069001
539.0,0.000754884880695,0.9906414880093
538.0,0.000752380581927,0.9905707624158
537.0,0.000749891446684,0.9904995259381
536.0,0.000747417335857,0.9904277743556
535.0,0.000744958112011,0.9903555034075
534.0,0.000742513639364,0.9902827087928
533.0,0.000740083783759,0.99020938617
532.0,0.000737668412638,0.9901355311564
531.0,0.000735267395026,0.9900611393276
530.0,0.000732880601502,0.9899862062175
529.0,0.000730507904179,0.9899107273173
528.0,0.000728149176675,0.9898346980757
527.0,0.000725804294101,0.9897581138978
526.0,0.000723473133029,0.989680970145
525.0,0.00072115557148,0.9896032621345
524.0,0.000718851488897,0.989524985139
523.0,0.000716560766126,0.9894461343856
522.0,0.000714283285396,0.9893667050563
521.0,0.000712018930301,0.9892866922865
520.0,0.000709767585777,0.9892060911653
519.0,0.000707529138085,0.9891248967346
518.0,0.00070530347479,0.9890431039887
517.0,0.000703090484747,0.9889607078738
516.0,0.000700890058076,0.9888777032876
515.0,0.000698702086149,0.9887940850784
514.0,0.000696526461573,0.988709848045
513.0,0.000694363078166,0.9886249869362
512.0,0.000692211830948,0.9885394964497
511.0,0.000690072616119,0.9884533712323
510.0,0.000687945331043,0.9883666058788
509.0,0.000685829874236,0.9882791949315
508.0,0.000683726145342,0.9881911328801
507.0,0.000681634045125,0.9881024141606
506.0,0.000679553475448,0.988013033155
505.0,0.000677484339252,0.9879229841905
504.0,0.000675426540561,0.9878322615392
503.0,0.000673379984452,0.9877408594175
502.0,0.000671344577045,0.987648771985
501.0,0.000669320225488,0.9875559933446
500.0,0.000667306837944,0.9874625175412
499.0,0.000665304323572,0.9873683385619
498.0,0.000663312592521,0.9872734503345
497.0,0.00066133155591,0.9871778467273
496.0,0.000659361125819,0.9870815215485
495.0,0.000657401215274,0.9869844685455
494.0,0.000655451738234,0.9868866814041
493.0,0.000653512609582,0.9867881537479
492.0,0.000651583745107,0.9866888791376
491.0,0.000649665061495,0.9865888510706
490.0,0.000647756476317,0.9864880629798
489.0,0.000645857908019,0.9863865082333
488.0,0.000643969275906,0.9862841801336
487.0,0.000642090500132,0.9861810719167
486.0,0.000640221501693,0.9860771767517
485.0,0.000638362202409,0.9859724877396
484.0,0.00063651252492,0.985866997913
483.0,0.00063467239267,0.9857607002354
482.0,0.000632841729903,0.9856535875998
481.0,0.000631020461645,0.9855456528287
480.0,0.000629208513694,0.9854368886728
479.0,0.000627405812613,0.9853272878104
478.0,0.000625612285722,0.9852168428467
477.0,0.000623827861084,0.9851055463127
476.0,0.000622052467496,0.9849933906648
475.0,0.000620286034483,0.9848803682834
474.0,0.000618528492285,0.9847664714726
473.0,0.00061677977185,0.9846516924593
472.0,0.000615039804823,0.9845360233919
471.0,0.000613308523541,0.9844194563399
470.0,0.000611585861018,0.9843019832927
469.0,0.000609871750942,0.9841835961592
468.0,0.000608166127663,0.9840642867661
467.0,0.000606468926187,0.9839440468578
466.0,0.000604780082165,0.983822868095
465.0,0.000603099531889,0.983700742054
464.0,0.000601427212278,0.9835776602255
463.0,0.000599763060876,0.983453614014
462.0,0.000598107015842,0.9833285947366
461.0,0.000596459015938,0.9832025936218
460.0,0.000594819000522,0.9830756018093
459.0,0.000593186909549,0.982947610348
458.0,0.000591562683562,0.9828186101956
457.0,0.000589946263678,0.9826885922176
456.0,0.000588337591587,0.9825575471861
455.0,0.000586736609542,0.9824254657785
454.0,0.000585143260352,0.982292338577
453.0,0.000583557487376,0.9821581560671
452.0,0.000581979234514,0.9820229086367
451.0,0.000580408446205,0.9818865865749
450.0,0.000578845067417,0.9817491800711
449.0,0.000577289043639,0.9816106792134
448.0,0.000575740320879,0.9814710739881
447.0,0.000574198845656,0.9813303542781
446.0,0.000572664564992,0.9811885098617
445.0,0.000571137426408,0.9810455304117
444.0,0.000569617377918,0.9809014054943
443.0,0.00056810436802,0.9807561245672
442.0,0.000566598345696,0.9806096769792
441.0,0.0005650992604,0.9804620519686
440.0,0.000563607062057,0.9803132386617
439.0,0.000562121701057,0.980163226072
438.0,0.000560643128247,0.9800120030988
437.0,0.000559171294923,0.9798595585254
436.0,0.000557706152833,0.9797058810186
435.0,0.000556247654164,0.9795509591267
434.0,0.000554795751541,0.9793947812786
433.0,0.000553350398018,0.9792373357821
432.0,0.000551911547079,0.9790786108228
431.0,0.000550479152627,0.9789185944623
430.0,0.000549053168982,0.9787572746374
429.0,0.000547633550877,0.9785946391581
428.0,0.000546220253451,0.9784306757065
427.0,0.000544813232244,0.9782653718351
426.0,0.000543412443194,0.9780987149655
425.0,0.000542017842633,0.9779306923869
424.0,0.00054062938728,0.9777612912544
423.0,0.000539247034238,0.9775904985876
422.0,0.00053787074099,0.9774183012691
421.0,0.000536500465393,0.9772446860427
420.0,0.000535136165674,0.9770696395122
419.0,0.000533777800428,0.9768931481392
418.0,0.000532425328609,0.9767151982421
417.0,0.000531078709533,0.976535775994
416.0,0.000529737902869,0.9763548674213
415.0,0.000528402868634,0.9761724584018
414.0,0.000527073567194,0.9759885346632
413.0,0.000525749959256,0.9758030817811
412.0,0.000524432005863,0.9756160851774
411.0,0.000523119668394,0.9754275301188
410.0,0.00052181290856,0.9752374017144
409.0,0.000520511688397,0.9750456849143
408.0,0.000519215970262,0.9748523645079
407.0,0.000517925716836,0.9746574251214
406.0,0.000516640891112,0.9744608512167
405.0,0.000515361456398,0.9742626270888
404.0,0.000514087376308,0.9740627368645
403.0,0.000512818614763,0.9738611644998
402.0,0.000511555135986,0.9736578937786
401.0,0.000510296904498,0.9734529083101
400.0,0.000509043885113,0.9732461915272
399.0,0.000507796042938,0.9730377266839
398.0,0.00050655334337,0.9728274968542
397.0,0.000505315752092,0.9726154849288
396.0,0.000504083235067,0.972401673614
395.0,0.000502855758539,0.972186045429
394.0,0.000501633289029,0.9719685827037
393.0,0.000500415793328,0.971749267577
392.0,0.0004992032385,0.9715280819937
391.0,0.000497995591874,0.9713050077034
390.0,0.000496792821045,0.971080026257
389.0,0.000495594893867,0.9708531190052
388.0,0.000494401778454,0.9706242670961
387.0,0.000493213443175,0.9703934514725
386.0,0.000492029856651,0.9701606528695
385.0,0.000490850987754,0.9699258518126
384.0,0.000489676805603,0.9696890286146
383.0,0.00048850727956,0.9694501633735
382.0,0.00048734237923,0.96920923597
381.0,0.000486182074457,0.9689662260648
380.0,0.000485026335322,0.9687211130959
379.0,0.00048387513214,0.9684738762764
378.0,0.000482728435455,0.9682244945916
377.0,0.000481586216044,0.9679729467963
376.0,0.000480448444907,0.9677192114122
375.0,0.00047931509327,0.9674632667252
374.0,0.000478186132579,0.9672050907825
373.0,0.000477061534499,0.9669446613899
372.0,0.000475941270914,0.9666819561089
371.0,0.00047482531392,0.9664169522541
370.0,0.000473713635826,0.9661496268899
369.0,0.00047260620915,0.9658799568278
368.0,0.000471503006619,0.9656079186234
367.0,0.000470404001164,0.9653334885734
366.0,0.000469309165918,0.9650566427124
365.0,0.000468218474218,0.9647773568102
364.0,0.000467131899596,0.9644956063684
363.0,0.000466049415783,0.9642113666172
362.0,0.000464970996704,0.9639246125123
361.0,0.000463896616476,0.963635318732
360.0,0.000462826249405,0.9633434596733
359.0,0.000461759869986,0.9630490094491
358.0,0.000460697452901,0.9627519418847
357.0,0.000459638973016,0.9624522305143
356.0,0.000458584405376,0.9621498485779
355.0,0.00045753372521,0.9618447690175
354.0,0.000456486907921,0.9615369644737
353.0,0.000455443929093,0.9612264072824
352.0,0.00045440476448,0.9609130694708
351.0,0.00045336939001,0.960596922754
350.0,0.000452337781781,0.9602779385316
349.0,0.000451309916061,0.9599560878833
348.0,0.00045028576928,0.9596313415658
347.0,0.000449265318034,0.9593036700088
346.0,0.000448248539084,0.9589730433109
345.0,0.000447235409353,0.9586394312361
344.0,0.000446225905925,0.9583028032096
343.0,0.000445220006038,0.9579631283139
342.0,0.00044421768709,0.9576203752849
341.0,0.000443218926633,0.9572745125076
340.0,0.000442223702368,0.9569255080122
339.0,0.000441231992153,0.9565733294698
338.0,0.000440243773991,0.9562179441881
337.0,0.000439259026034,0.9558593191076
336.0,0.000438277726581,0.9554974207966
335.0,0.000437299854075,0.9551322154473
334.0,0.000436325387103,0.9547636688714
333.0,0.00043535430439,0.9543917464953
332.0,0.000434386584807,0.954016413356
331.0,0.000433422207361,0.9536376340963
330.0,0.000432461151199,0.95325537296
329.0,0.000431503395597,0.952869593788
328.0,0.000430548919966,0.9524802600124
327.0,0.000429597703849,0.9520873346529
326.0,0.00042864972692,0.951690780311
325.0,0.000427704968981,0.9512905591658
324.0,0.000426763409962,0.9508866329687
323.0,0.000425825029919,0.9504789630386
322.0,0.000424889809034,0.9500675102566
321.0,0.00042395772761,0.9496522350611
320.0,0.000423028766073,0.9492330974428
319.0,0.000422102904971,0.9488100569389
318.0,0.000421180124967,0.9483830726284
317.0,0.000420260406845,0.9479521031265
316.0,0.0004193437315,0.9475171065793
315.0,0.000418430079949,0.9470780406582
314.0,0.000417519433318,0.9466348625544
313.0,0.000416611772848,0.9461875289736
312.0,0.000415707079891,0.9457359961301
311.0,0.000414805335907,0.945280219741
310.0,0.000413906522466,0.9448201550207
309.0,0.000413010621243,0.9443557566751
308.0,0.000412117614022,0.9438869788953
307.0,0.000411227482688,0.9434137753524
306.0,0.00041034020923,0.9429360991905
305.0,0.000409455775741,0.9424539030215
304.0,0.000408574164413,0.9419671389185
303.0,0.000407695357536,0.9414757584096
302.0,0.000406819337498,0.9409797124718
301.0,0.000405946086785,0.9404789515246
300.0,0.000405075587979,0.9399734254236
299.0,0.000404207823757,0.9394630834539
298.0,0.000403342776888,0.9389478743236
297.0,0.000402480430233,0.9384277461574
296.0,0.000401620766746,0.9379026464897
295.0,0.000400763769468,0.9373725222579
294.0,0.00039990942153,0.9368373197956
293.0,0.000399057706151,0.9362969848256
292.0,0.000398208606633,0.9357514624534
291.0,0.000397362106366,0.9352006971595
290.0,0.000396518188824,0.9346446327928
289.0,0.00039567683756,0.9340832125631
288.0,0.000394838036215,0.9335163790341
287.0,0.000394001768505,0.9329440741163
286.0,0.000393168018227,0.9323662390588
285.0,0.000392336769255,0.9317828144428
284.0,0.000391508005539,0.9311937401734
283.0,0.000390681711106,0.9305989554722
282.0,0.000389857870062,0.92999839887
281.0,0.000389036466583,0.9293920081982
280.0,0.000388217484914,0.9287797205819
279.0,0.000387400909373,0.9281614724313
278.0,0.000386586724348,0.9275371994342
277.0,0.000385774914294,0.9269068365475
276.0,0.000384965463737,0.9262703179895
275.0,0.000384158357265,0.9256275772315
274.0,0.000383353579534,0.9249785469893
273.0,0.000382551115267,0.9243231592154
272.0,0.000381750949246,0.92366134509
271.0,0.000380953066319,0.9229930350129
270.0,0.000380157451393,0.9223181585947
269.0,0.000379364089438,0.9216366446484
268.0,0.00037857296548,0.9209484211801
267.0,0.000377784064604,0.9202534153809
266.0,0.000376997371952,0.9195515536177
265.0,0.000376212872723,0.9188427614241
264.0,0.000375430552167,0.9181269634915
263.0,0.000374650395592,0.9174040836602
262.0,0.000373872388355,0.9166740449097
261.0,0.000373096515866,0.9159367693501
260.0,0.000372322763584,0.915192178212
259.0,0.00037155111702,0.9144401918379
258.0,0.00037078156173,0.9136807296721
257.0,0.000370014083319,0.9129137102514
256.0,0.000369248667436,0.9121390511954
255.0,0.000368485299777,0.9113566691969
254.0,0.00036772396608,0.9105664800118
253.0,0.000366964652126,0.9097683984499
252.0,0.000366207343737,0.908962338364
251.0,0.000365452026775,0.908148212641
250.0,0.00036469868714,0.9073259331909
249.0,0.000363947310781,0.9064954109371
248.0,0.000363197883674,0.9056565558063
247.0,0.000362450391833,0.9048092767181
246.0,0.000361704821303,0.9039534815744
245.0,0.000360961158167,0.9030890772492
244.0,0.000360219388536,0.9022159695783
243.0,0.000359479498555,0.9013340633485
242.0,0.000358741474399,0.9004432622868
241.0,0.000358005302272,0.8995434690503
240.0,0.000357270968405,0.898634585215
239.0,0.000356538459061,0.897716511265
238.0,0.000355807760524,0.8967891465822
237.0,0.000355078859103,0.8958523894345
236.0,0.00035435174113,0.8949061369657
235.0,0.000353626392959,0.8939502851836
234.0,0.000352902800964,0.8929847289499
233.0,0.000352180951538,0.8920093619682
232.0,0.000351460831094,0.8910240767732
231.0,0.000350742426059,0.8900287647194
230.0,0.000350025722879,0.88902331597
229.0,0.000349310708013,0.8880076194851
228.0,0.000348597367932,0.8869815630108
227.0,0.00034788568912,0.8859450330677
226.0,0.000347175658074,0.8848979149392
225.0,0.000346467261299,0.8838400926602
224.0,0.000345760485318,0.8827714490056
223.0,0.000345055316649,0.8816918654789
222.0,0.000344351741815,0.8806012223
221.0,0.000343649747344,0.8794993983945
220.0,0.000342949319763,0.8783862713811
219.0,0.000342250445605,0.8772617175607
218.0,0.000341553111397,0.8761256119042
217.0,0.000340857303662,0.8749778280411
216.0,0.000340163008927,0.8738182382479
215.0,0.000339470213714,0.872646713436
214.0,0.000338778904539,0.8714631231403
213.0,0.00033808906791,0.8702673355076
212.0,0.00033740069033,0.8690592172846
211.0,0.000336713758288,0.8678386338064
210.0,0.000336028258264,0.8666054489849
209.0,0.000335344176725,0.8653595252968
208.0,0.000334661500123,0.8641007237725
207.0,0.000333980214898,0.8628289039839
206.0,0.000333300307466,0.8615439240334
205.0,0.000332621764229,0.8602456405418
204.0,0.000331944571566,0.8589339086374
203.0,0.000331268715826,0.8576085819438
202.0,0.000330594183332,0.8562695125692
201.0,0.000329920960379,0.8549165510945
200.0,0.000329249033234,0.8535495465621
199.0,0.000328578388133,0.8521683464651
198.0,0.000327909011275,0.8507727967355
197.0,0.000327240888832,0.8493627417336
196.0,0.000326574006937,0.8479380242369
195.0,0.00032590835169,0.8464984854293
194.0,0.000325243909147,0.8450439648902
193.0,0.000324580665325,0.8435743005839
192.0,0.000323918606196,0.8420893288491
191.0,0.000323257717686,0.8405888843887
190.0,0.00032259798567,0.839072800259
189.0,0.000321939395976,0.8375409078598
188.0,0.000321281934384,0.8359930369247
187.0,0.000320625586616,0.834429015511
186.0,0.000319970338334,0.8328486699901
185.0,0.000319316175144,0.8312518250379
184.0,0.000318663082585,0.8296383036257
183.0,0.000318011046137,0.8280079270111
182.0,0.000317360051208,0.8263605147288
181.0,0.000316710083138,0.8246958845824
180.0,0.000316061127189,0.8230138526358
179.0,0.00031541316855,0.8213142332046
178.0,0.000314766192333,0.8195968388486
177.0,0.00031412018357,0.8178614803643
176.0,0.000313475127213,0.8161079667767
175.0,0.000312831008131,0.8143361053333
174.0,0.000312187811126,0.8125457014966
173.0,0.000311545520893,0.810736558938
172.0,0.00031090412203,0.8089084795315
171.0,0.000310263599035,0.807061263348
170.0,0.000309623936302,0.8051947086496
169.0,0.000308985118119,0.8033086118846
168.0,0.000308347128667,0.8014027676831
167.0,0.000307709952013,0.7994769688522
166.0,0.000307073572112,0.7975310063727
165.0,0.000306437972799,0.7955646693953
164.0,0.000305803137794,0.7935777452379
163.0,0.00030516905069,0.791570019383
162.0,0.00030453569497,0.789541275476
161.0,0.000303903053965,0.7874912953236
160.0,0.000303271110863,0.7854198588928
159.0,0.000302639848708,0.7833267443104
158.0,0.000302009250398,0.7812117278632
157.0,0.000301379298677,0.779074583999
156.0,0.000300749976137,0.7769150853278
155.0,0.000300121265211,0.7747330026235
154.0,0.000299493148169,0.7725281048275
153.0,0.000298865607112,0.770300159051
152.0,0.000298238623971,0.7680489305799
151.0,0.000297612180517,0.7657741828794
150.0,0.000296986258309,0.7634756775997
149.0,0.000296360838702,0.7611531745816
148.0,0.000295735902854,0.7588064318643
147.0,0.000295111431723,0.7564352056929
146.0,0.000294487406058,0.7540392505276
145.0,0.000293863806393,0.7516183190529
144.0,0.000293240613046,0.7491721621887
143.0,0.000292617806109,0.7467005291018
142.0,0.00029199536547,0.7442031672186
141.0,0.000291373270782,0.7416798222388
140.0,0.00029075150141,0.7391302381498
139.0,0.000290130036458,0.7365541572424
138.0,0.000289508854761,0.7339513201272
137.0,0.000288887934882,0.7313214657528
136.0,0.000288267255103,0.728664331425
135.0,0.00028764679342,0.7259796528266
134.0,0.000287026527534,0.7232671640397
133.0,0.000286406434865,0.7205265975679
132.0,0.00028578649252,0.7177576843615
131.0,0.000285166677242,0.7149601538424
130.0,0.000284546965432,0.7121337339307
129.0,0.000283927333141,0.7092781510734
128.0,0.00028330775607,0.7063931302744
127.0,0.000282688209553,0.7034783951256
126.0,0.000282068668544,0.7005336678403
125.0,0.000281449107631,0.6975586692878
124.0,0.000280829501016,0.6945531190301
123.0,0.000280209822436,0.6915167353597
122.0,0.000279590045191,0.6884492353392
121.0,0.000278970142131,0.6853503348431
120.0,0.00027835008565,0.6822197486009
119.0,0.000277729847665,0.6790571902432
118.0,0.000277109399612,0.6758623723487
117.0,0.000276488712486,0.6726350064942
116.0,0.000275867756719,0.6693748033066
115.0,0.000275246502175,0.6660814725157
114.0,0.000274624918156,0.6627547230109
113.0,0.000274002973385,0.6593942628986
112.0,0.00027338063598,0.6559997995634
111.0,0.000272757873452,0.6525710397309
110.0,0.000272134652751,0.6491076895336
109.0,0.000271510940116,0.645609454579
108.0,0.000270886701082,0.6420760400202
107.0,0.000270261900481,0.6385071506288
106.0,0.000269636502401,0.6349024908714
105.0,0.000269010470173,0.6312617649881
104.0,0.000268383766402,0.6275846770749
103.0,0.000267756352923,0.623870931169
102.0,0.000267128190627,0.6201202313365
101.0,0.000266499239522,0.6163322817627
100.0,0.0002658694587,0.6125067868466
99.0,0.000265238806319,0.6086434512987
98.0,0.000264607239621,0.604741980242
97.0,0.000263974714915,0.6008020793175
96.0,0.000263341187335,0.5968234547922
95.0,0.000262706610908,0.5928058136701
94.0,0.000262070938529,0.5887488638081
93.0,0.000261434121927,0.5846523140358
92.0,0.000260796111721,0.5805158742793
91.0,0.000260156857262,0.5763392556898
90.0,0.000259516306452,0.5721221707751
89.0,0.000258874405789,0.567864333535
88.0,0.000258231100323,0.5635654596021
87.0,0.000257586333667,0.5592252663875
86.0,0.000256940048051,0.5548434732319
85.0,0.000256292183917,0.5504198015605
84.0,0.000255642679962,0.5459539750418
83.0,0.000254991473084,0.5414457197529
82.0,0.000254338498356,0.5368947643491
81.0,0.000253683689174,0.5323008402411
80.0,0.000253026976733,0.5276636817763
79.0,0.000252368290013,0.5229830264248
78.0,0.000251707555774,0.5182586149713
77.0,0.000251044698503,0.5134901917143
76.0,0.000250379640568,0.5086775046725
75.0,0.000249712301547,0.5038203057961
74.0,0.000249042598256,0.4989183511835
73.0,0.000248370444713,0.4939714013058
72.0,0.00024769575214,0.4889792212382
71.0,0.000247018428962,0.4839415809013
70.0,0.000246338379966,0.4788582553065
69.0,0.000245655506469,0.4737290248075
68.0,0.000244969706212,0.4685536753627
67.0,0.00024428087361,0.4633319988053
66.0,0.000243588898927,0.4580637931241
65.0,0.000242893667899,0.4527488627464
64.0,0.000242195061797,0.4473870188339
63.0,0.000241492957477,0.4419780795866
62.0,0.000240787227225,0.4365218705613
61.0,0.000240077737448,0.4310182249929
60.0,0.000239364348959,0.425466984127
59.0,0.000238646916869,0.4198679975648
58.0,0.000237925290731,0.4142211236222
57.0,0.000237199312576,0.408526229695
56.0,0.000236468817218,0.402783192635
55.0,0.000235733632208,0.3969918991403
54.0,0.000234993578109,0.3911522461631
53.0,0.000234248465808,0.385264141326
52.0,0.000233498096783,0.3793275033476
51.0,0.000232742263124,0.3733422624868
50.0,0.000231980747647,0.3673083610084
49.0,0.000231213320368,0.3612257536553
48.0,0.000230439738985,0.3550944081353
47.0,0.000229659749279,0.3489143056307
46.0,0.000228873084032,0.3426854413322
45.0,0.000228079458765,0.3364078249778
44.0,0.000227278572607,0.3300814814131
43.0,0.00022647010966,0.3237064511813
42.0,0.000225653733894,0.3172827911388
41.0,0.000224829086448,0.3108105750738
40.0,0.000223995786739,0.3042898943608
39.0,0.000223153433308,0.2977208586539
38.0,0.000222301593508,0.291103596594
37.0,0.000221439804245,0.2844382565368
36.0,0.00022056757483,0.2777250073292
35.0,0.000219684378023,0.2709640391296
34.0,0.00021878964226,0.2641555642299
33.0,0.000217882755042,0.2572998179335
32.0,0.000216963062857,0.2503970595021
31.0,0.000216029848149,0.2434475731157
30.0,0.000215082332187,0.2364516688732
29.0,0.000214119682753,0.2294096838883
28.0,0.000213140980775,0.2223219834367
27.0,0.000212145213981,0.2151889621201
26.0,0.000211131290043,0.2080110451533
25.0,0.000210098001507,0.200788689757
24.0,0.000209043992632,0.1935223865506
23.0,0.000207967779493,0.1862126610979
22.0,0.000206867720659,0.1788600756327
21.0,0.000205741927952,0.1714652307836
20.0,0.000204588299008,0.1640287674851
19.0,0.000203404494068,0.1565513691832
18.0,0.000202187743155,0.1490337640564
17.0,0.000200934890089,0.1414767274761
16.0,0.000199646411803,0.1338810849979
15.0,0.000198567625065,0.1262478751638
14.0,0.000197450913756,0.1185781431922
13.0,0.000196291921375,0.110872825554
12.0,0.000195085446795,0.1031329237698
11.0,0.000193825202048,0.0953595097596
10.0,0.000192503474899,0.0875537321025
9.0,0.000191110647193,0.0797168234602
8.0,0.000189634487967,0.0718501095259
7.0,0.000188059082654,0.0639550200139
6.0,0.000186363152116,0.05603310246
5.0,0.000184517309494,0.0480860400224
4.0,0.000182479415996,0.0401156752442
3.0,0.000180186615081,0.0321240433568
2.0,0.000177543332154,0.0241134235283
1.0,0.000174425666853,0.0160864438164
0.0,0.000170961551445,0.0080465472097
